timestamp,project_id,file_id,change_type,old_value,new_value,note
2026-04-12T07:47:22.993393,1,1,ADD,,REV 1 QUAD SPS57 TP/PQFN5_S_04_SBR_ETS_A0_FAN251015MNTXG/Am_testFunctions.cpp,Manually added file discovered during refresh.
2026-04-12T07:47:23.015500,1,2,ADD,,REV 1 QUAD SPS57 TP/PQFN5_S_04_SBR_ETS_A0_FAN251015MNTXG/A_testFunctions.cpp,Manually added file discovered during refresh.
2026-04-12T07:47:23.038483,1,3,ADD,,REV 1 QUAD SPS57 TP/PQFN5_S_04_SBR_ETS_A0_FAN251015MNTXG/commonFunctions.cpp,Manually added file discovered during refresh.
2026-04-12T07:47:23.066568,1,4,ADD,,REV 1 QUAD SPS57 TP/PQFN5_S_04_SBR_ETS_A0_FAN251015MNTXG/customerDefaults_15A.csv,Manually added file discovered during refresh.
2026-04-12T07:47:23.093404,1,5,ADD,,REV 1 QUAD SPS57 TP/PQFN5_S_04_SBR_ETS_A0_FAN251015MNTXG/FAN251015DS_QUAD_FTETS364.pds,Manually added file discovered during refresh.
2026-04-12T07:47:23.111926,1,6,ADD,,REV 1 QUAD SPS57 TP/PQFN5_S_04_SBR_ETS_A0_FAN251015MNTXG/FAN251015MNTXG.opr,Manually added file discovered during refresh.
2026-04-12T07:47:23.130160,1,7,ADD,,REV 1 QUAD SPS57 TP/PQFN5_S_04_SBR_ETS_A0_FAN251015MNTXG/FAN251030DS.vcxproj,Manually added file discovered during refresh.
2026-04-12T07:47:23.149204,1,8,ADD,,REV 1 QUAD SPS57 TP/PQFN5_S_04_SBR_ETS_A0_FAN251015MNTXG/FAN251030DS.vcxproj.filters,Manually added file discovered during refresh.
2026-04-12T07:47:23.176718,1,9,ADD,,REV 1 QUAD SPS57 TP/PQFN5_S_04_SBR_ETS_A0_FAN251015MNTXG/GorionAppsBoardManager.cpp,Manually added file discovered during refresh.
2026-04-12T07:47:23.202588,1,10,ADD,,REV 1 QUAD SPS57 TP/PQFN5_S_04_SBR_ETS_A0_FAN251015MNTXG/GorionAppsBoardManager.h,Manually added file discovered during refresh.
2026-04-12T07:47:23.226616,1,11,ADD,,REV 1 QUAD SPS57 TP/PQFN5_S_04_SBR_ETS_A0_FAN251015MNTXG/K_testFunctions.cpp,Manually added file discovered during refresh.
2026-04-12T07:47:23.248497,1,12,ADD,,REV 1 QUAD SPS57 TP/PQFN5_S_04_SBR_ETS_A0_FAN251015MNTXG/MTP_WrapperFunctions.cpp,Manually added file discovered during refresh.
2026-04-12T07:47:23.264919,1,13,ADD,,REV 1 QUAD SPS57 TP/PQFN5_S_04_SBR_ETS_A0_FAN251015MNTXG/PQ4D04~1.US~,Manually added file discovered during refresh.
2026-04-12T07:47:23.280765,1,14,ADD,,REV 1 QUAD SPS57 TP/PQFN5_S_04_SBR_ETS_A0_FAN251015MNTXG/PQ4D04~2.US~,Manually added file discovered during refresh.
2026-04-12T07:47:23.298528,1,15,ADD,,REV 1 QUAD SPS57 TP/PQFN5_S_04_SBR_ETS_A0_FAN251015MNTXG/PQ8A04~1.US~,Manually added file discovered during refresh.
2026-04-12T07:47:23.352837,1,16,ADD,,REV 1 QUAD SPS57 TP/PQFN5_S_04_SBR_ETS_A0_FAN251015MNTXG/PQF398~1.US~,Manually added file discovered during refresh.
2026-04-12T07:47:23.378563,1,17,ADD,,REV 1 QUAD SPS57 TP/PQFN5_S_04_SBR_ETS_A0_FAN251015MNTXG/PQFN5_S_02_SBR_ETS_A0_FAN251015MNTXG.APS,Manually added file discovered during refresh.
2026-04-12T07:47:23.403385,1,18,ADD,,REV 1 QUAD SPS57 TP/PQFN5_S_04_SBR_ETS_A0_FAN251015MNTXG/PQFN5_S_04_SBR_ETS_A0_FAN251015MNTXG.APS,Manually added file discovered during refresh.
2026-04-12T07:47:23.443210,1,19,ADD,,REV 1 QUAD SPS57 TP/PQFN5_S_04_SBR_ETS_A0_FAN251015MNTXG/PQFN5_S_04_SBR_ETS_A0_FAN251015MNTXG.cpp,Manually added file discovered during refresh.
2026-04-12T07:47:23.467305,1,20,ADD,,REV 1 QUAD SPS57 TP/PQFN5_S_04_SBR_ETS_A0_FAN251015MNTXG/PQFN5_S_04_SBR_ETS_A0_FAN251015MNTXG.cpy,Manually added file discovered during refresh.
2026-04-12T07:47:23.510266,1,21,ADD,,REV 1 QUAD SPS57 TP/PQFN5_S_04_SBR_ETS_A0_FAN251015MNTXG/PQFN5_S_04_SBR_ETS_A0_FAN251015MNTXG.dll,Manually added file discovered during refresh.
2026-04-12T07:47:23.528886,1,22,ADD,,REV 1 QUAD SPS57 TP/PQFN5_S_04_SBR_ETS_A0_FAN251015MNTXG/PQFN5_S_04_SBR_ETS_A0_FAN251015MNTXG.eng,Manually added file discovered during refresh.
2026-04-12T07:47:23.550750,1,23,ADD,,REV 1 QUAD SPS57 TP/PQFN5_S_04_SBR_ETS_A0_FAN251015MNTXG/PQFN5_S_04_SBR_ETS_A0_FAN251015MNTXG.evd,Manually added file discovered during refresh.
2026-04-12T07:47:23.570795,1,24,ADD,,REV 1 QUAD SPS57 TP/PQFN5_S_04_SBR_ETS_A0_FAN251015MNTXG/PQFN5_S_04_SBR_ETS_A0_FAN251015MNTXG.h,Manually added file discovered during refresh.
2026-04-12T07:47:23.589851,1,25,ADD,,REV 1 QUAD SPS57 TP/PQFN5_S_04_SBR_ETS_A0_FAN251015MNTXG/PQFN5_S_04_SBR_ETS_A0_FAN251015MNTXG.ini,Manually added file discovered during refresh.
2026-04-12T07:47:23.632819,1,26,ADD,,REV 1 QUAD SPS57 TP/PQFN5_S_04_SBR_ETS_A0_FAN251015MNTXG/PQFN5_S_04_SBR_ETS_A0_FAN251015MNTXG.ncb,Manually added file discovered during refresh.
2026-04-12T07:47:23.649101,1,27,ADD,,REV 1 QUAD SPS57 TP/PQFN5_S_04_SBR_ETS_A0_FAN251015MNTXG/PQFN5_S_04_SBR_ETS_A0_FAN251015MNTXG.rc,Manually added file discovered during refresh.
2026-04-12T07:47:23.668742,1,28,ADD,,REV 1 QUAD SPS57 TP/PQFN5_S_04_SBR_ETS_A0_FAN251015MNTXG/PQFN5_S_04_SBR_ETS_A0_FAN251015MNTXG.sln,Manually added file discovered during refresh.
2026-04-12T07:47:23.687735,1,29,ADD,,REV 1 QUAD SPS57 TP/PQFN5_S_04_SBR_ETS_A0_FAN251015MNTXG/PQFN5_S_04_SBR_ETS_A0_FAN251015MNTXG.suo,Manually added file discovered during refresh.
2026-04-12T07:47:23.704372,1,30,ADD,,REV 1 QUAD SPS57 TP/PQFN5_S_04_SBR_ETS_A0_FAN251015MNTXG/PQFN5_S_04_SBR_ETS_A0_FAN251015MNTXG.vcproj,Manually added file discovered during refresh.
2026-04-12T07:47:23.722326,1,31,ADD,,REV 1 QUAD SPS57 TP/PQFN5_S_04_SBR_ETS_A0_FAN251015MNTXG/PQFN5_S_04_SBR_ETS_A0_FAN251015MNTXG.vcproj.ETSFT-056.user1.user,Manually added file discovered during refresh.
2026-04-12T07:47:23.749379,1,32,ADD,,REV 1 QUAD SPS57 TP/PQFN5_S_04_SBR_ETS_A0_FAN251015MNTXG/PQFN5_S_04_SBR_ETS_A0_FAN251015MNTXG_awg.h,Manually added file discovered during refresh.
2026-04-12T07:47:23.772686,1,33,ADD,,REV 1 QUAD SPS57 TP/PQFN5_S_04_SBR_ETS_A0_FAN251015MNTXG/PQFN5_~1.US~,Manually added file discovered during refresh.
2026-04-12T07:47:23.792738,1,34,ADD,,REV 1 QUAD SPS57 TP/PQFN5_S_04_SBR_ETS_A0_FAN251015MNTXG/PQFN5_~2.US~,Manually added file discovered during refresh.
2026-04-12T07:47:23.809812,1,35,ADD,,REV 1 QUAD SPS57 TP/PQFN5_S_04_SBR_ETS_A0_FAN251015MNTXG/PQFN5_~3.US~,Manually added file discovered during refresh.
2026-04-12T07:47:23.826641,1,36,ADD,,REV 1 QUAD SPS57 TP/PQFN5_S_04_SBR_ETS_A0_FAN251015MNTXG/PQFN5_~4.US~,Manually added file discovered during refresh.
2026-04-12T07:47:23.853115,1,37,ADD,,REV 1 QUAD SPS57 TP/PQFN5_S_04_SBR_ETS_A0_FAN251015MNTXG/resource.h,Manually added file discovered during refresh.
2026-04-12T07:47:23.877900,1,38,ADD,,REV 1 QUAD SPS57 TP/PQFN5_S_04_SBR_ETS_A0_FAN251015MNTXG/simulatorData.csv,Manually added file discovered during refresh.
2026-04-12T07:47:23.898413,1,39,ADD,,REV 1 QUAD SPS57 TP/PQFN5_S_04_SBR_ETS_A0_FAN251015MNTXG/syncPositions.txt,Manually added file discovered during refresh.
2026-04-12T07:47:23.923765,1,40,ADD,,REV 1 QUAD SPS57 TP/PQFN5_S_04_SBR_ETS_A0_FAN251015MNTXG/S_testFunctions.cpp,Manually added file discovered during refresh.
2026-04-12T07:47:23.950724,1,41,ADD,,REV 1 QUAD SPS57 TP/PQFN5_S_04_SBR_ETS_A0_FAN251015MNTXG/trimDefaults_15A.csv,Manually added file discovered during refresh.
2026-04-12T07:47:23.981701,1,42,ADD,,REV 1 QUAD SPS57 TP/PQFN5_S_04_SBR_ETS_A0_FAN251015MNTXG/trimInitialize.cpp,Manually added file discovered during refresh.
2026-04-12T07:47:24.009798,1,43,ADD,,REV 1 QUAD SPS57 TP/PQFN5_S_04_SBR_ETS_A0_FAN251015MNTXG/trimObject.cpp,Manually added file discovered during refresh.
2026-04-12T07:47:24.037133,1,44,ADD,,REV 1 QUAD SPS57 TP/PQFN5_S_04_SBR_ETS_A0_FAN251015MNTXG/trimObject.h,Manually added file discovered during refresh.
2026-04-12T07:58:12.415532,1,2,MODIFY,d19bd9d39f6efb940a72179d34f41d89d5aebea0dcc45f06558b88251c86c3f7,4bbae29551b883fc2b4097881c0f89f02c4bd7cd5dd92df223146052a744b973,Checksum changed for tracked file.
2026-04-12T08:03:11.430526,2,48,MODIFY,e3b0c44298fc1c149afbf4c8996fb92427ae41e4649b934ca495991b7852b855,91a976addd5af12dfb7623b554c4239a9e1b07be0294e8a5f75dd6638f56b0d1,Checksum changed for tracked file.
2026-04-12T08:03:37.317844,2,48,MODIFY,91a976addd5af12dfb7623b554c4239a9e1b07be0294e8a5f75dd6638f56b0d1,3ce180b9f861c24f7268ae56c9655a874dda44470942a29679705b7ab32cb408,Checksum changed for tracked file.
2026-04-12T08:03:48.288530,2,48,NOTE,,"ashdkjashdkahsdkhaskjdhakshdkasjhdkahskdhaskdhakshdkjashdahdkqwhkjqhwkd
ashdkjashdkahsdkhaskjdhakshdkasjhdkahskdhaskdhakshdkjashdahdkqwhkjqhwkd
ashdkjashdkahsdkhaskjdhakshdkasjhdkahskdhaskdhakshdkjashdahdkqwhkjqhwkd
ashdkjashdkahsdkhaskjdhakshdkasjhdkahskdhaskdhakshdkjashdahdkqwhkjqhwkdashdkjashdkahsdkhaskjdhakshdkasjhdkahskdhaskdhakshdkjashdahdkqwhkjqhwkd
ashdkjashdkahsdkhaskjdhakshdkasjhdkahskdhaskdhakshdkjashdahdkqwhkjqhwkd
ashdkjashdkahsdkhaskjdhakshdkasjhdkahskdhaskdhakshdkjashdahdkqwhkjqhwkd

ashdkjashdkahsdkhaskjdhakshdkasjhdkahskdhaskdhakshdkjashdahdkqwhkjqhwkd
ashdkjashdkahsdkhaskjdhakshdkasjhdkahskdhaskdhakshdkjashdahdkqwhkjqhwkd
ashdkjashdkahsdkhaskjdhakshdkasjhdkahskdhaskdhakshdkjashdahdkqwhkjqhwkd
ashdkjashdkahsdkhaskjdhakshdkasjhdkahskdhaskdhakshdkjashdahdkqwhkjqhwkdashdkjashdkahsdkhaskjdhakshdkasjhdkahskdhaskdhakshdkjashdahdkqwhkjqhwkd
ashdkjashdkahsdkhaskjdhakshdkasjhdkahskdhaskdhakshdkjashdahdkqwhkjqhwkd
ashdkjashdkahsdkhaskjdhakshdkasjhdkahskdhaskdhakshdkjashdahdkqwhkjqhwkd
ashdkjashdkahsdkhaskjdhakshdkasjhdkahskdhaskdhakshdkjashdahdkqwhkjqhwkd
ashdkjashdkahsdkhaskjdhakshdkasjhdkahskdhaskdhakshdkjashdahdkqwhkjqhwkd
ashdkjashdkahsdkhaskjdhakshdkasjhdkahskdhaskdhakshdkjashdahdkqwhkjqhwkd
ashdkjashdkahsdkhaskjdhakshdkasjhdkahskdhaskdhakshdkjashdahdkqwhkjqhwkdashdkjashdkahsdkhaskjdhakshdkasjhdkahskdhaskdhakshdkjashdahdkqwhkjqhwkd
ashdkjashdkahsdkhaskjdhakshdkasjhdkahskdhaskdhakshdkjashdahdkqwhkjqhwkd
ashdkjashdkahsdkhaskjdhakshdkasjhdkahskdhaskdhakshdkjashdahdkqwhkjqhwkd
ashdkjashdkahsdkhaskjdhakshdkasjhdkahskdhaskdhakshdkjashdahdkqwhkjqhwkd
ashdkjashdkahsdkhaskjdhakshdkasjhdkahskdhaskdhakshdkjashdahdkqwhkjqhwkd
ashdkjashdkahsdkhaskjdhakshdkasjhdkahskdhaskdhakshdkjashdahdkqwhkjqhwkd
ashdkjashdkahsdkhaskjdhakshdkasjhdkahskdhaskdhakshdkjashdahdkqwhkjqhwkdashdkjashdkahsdkhaskjdhakshdkasjhdkahskdhaskdhakshdkjashdahdkqwhkjqhwkd
ashdkjashdkahsdkhaskjdhakshdkasjhdkahskdhaskdhakshdkjashdahdkqwhkjqhwkd
ashdkjashdkahsdkhaskjdhakshdkasjhdkahskdhaskdhakshdkjashdahdkqwhkjqhwkd
ashdkjashdkahsdkhaskjdhakshdkasjhdkahskdhaskdhakshdkjashdahdkqwhkjqhwkd
ashdkjashdkahsdkhaskjdhakshdkasjhdkahskdhaskdhakshdkjashdahdkqwhkjqhwkd
ashdkjashdkahsdkhaskjdhakshdkasjhdkahskdhaskdhakshdkjashdahdkqwhkjqhwkd
ashdkjashdkahsdkhaskjdhakshdkasjhdkahskdhaskdhakshdkjashdahdkqwhkjqhwkdashdkjashdkahsdkhaskjdhakshdkasjhdkahskdhaskdhakshdkjashdahdkqwhkjqhwkd
ashdkjashdkahsdkhaskjdhakshdkasjhdkahskdhaskdhakshdkjashdahdkqwhkjqhwkd
ashdkjashdkahsdkhaskjdhakshdkasjhdkahskdhaskdhakshdkjashdahdkqwhkjqhwkd
ashdkjashdkahsdkhaskjdhakshdkasjhdkahskdhaskdhakshdkjashdahdkqwhkjqhwkd
ashdkjashdkahsdkhaskjdhakshdkasjhdkahskdhaskdhakshdkjashdahdkqwhkjqhwkd
ashdkjashdkahsdkhaskjdhakshdkasjhdkahskdhaskdhakshdkjashdahdkqwhkjqhwkd
ashdkjashdkahsdkhaskjdhakshdkasjhdkahskdhaskdhakshdkjashdahdkqwhkjqhwkdashdkjashdkahsdkhaskjdhakshdkasjhdkahskdhaskdhakshdkjashdahdkqwhkjqhwkd
ashdkjashdkahsdkhaskjdhakshdkasjhdkahskdhaskdhakshdkjashdahdkqwhkjqhwkd
ashdkjashdkahsdkhaskjdhakshdkasjhdkahskdhaskdhakshdkjashdahdkqwhkjqhwkd
ashdkjashdkahsdkhaskjdhakshdkasjhdkahskdhaskdhakshdkjashdahdkqwhkjqhwkd
ashdkjashdkahsdkhaskjdhakshdkasjhdkahskdhaskdhakshdkjashdahdkqwhkjqhwkd
ashdkjashdkahsdkhaskjdhakshdkasjhdkahskdhaskdhakshdkjashdahdkqwhkjqhwkd
ashdkjashdkahsdkhaskjdhakshdkasjhdkahskdhaskdhakshdkjashdahdkqwhkjqhwkdashdkjashdkahsdkhaskjdhakshdkasjhdkahskdhaskdhakshdkjashdahdkqwhkjqhwkd
ashdkjashdkahsdkhaskjdhakshdkasjhdkahskdhaskdhakshdkjashdahdkqwhkjqhwkd
ashdkjashdkahsdkhaskjdhakshdkasjhdkahskdhaskdhakshdkjashdahdkqwhkjqhwkd
ashdkjashdkahsdkhaskjdhakshdkasjhdkahskdhaskdhakshdkjashdahdkqwhkjqhwkd
ashdkjashdkahsdkhaskjdhakshdkasjhdkahskdhaskdhakshdkjashdahdkqwhkjqhwkd
ashdkjashdkahsdkhaskjdhakshdkasjhdkahskdhaskdhakshdkjashdahdkqwhkjqhwkd
ashdkjashdkahsdkhaskjdhakshdkasjhdkahskdhaskdhakshdkjashdahdkqwhkjqhwkdashdkjashdkahsdkhaskjdhakshdkasjhdkahskdhaskdhakshdkjashdahdkqwhkjqhwkd
ashdkjashdkahsdkhaskjdhakshdkasjhdkahskdhaskdhakshdkjashdahdkqwhkjqhwkd
ashdkjashdkahsdkhaskjdhakshdkasjhdkahskdhaskdhakshdkjashdahdkqwhkjqhwkd",User-added note to tracked file.
